id;nom;prenom;matricule;date
1;EXE Account;mindshare;87436;2023-04-16
2;virtual b HTTP;Checking Designer de;11977;2023-04-16
3;red Incredible Shirt;Incredible Poitou-Charentes;77178;2023-04-16
4;Garden Aquitaine matrix;ADP;3229;2023-04-16
5;protocol Account;b Brunei;48950;2023-04-16
6;Bike Auto;Account;39649;2023-04-15
7;des expedite;Licensed navigating;48411;2023-04-15
8;1080p;optimize;36803;2023-04-15
9;web-enabled;syndicate Reduced;42796;2023-04-16
10;Intelligent circuit orchestrate;Licensed c;70644;2023-04-15
